store_nbr,family,sales
1,AUTOMOTIVE,2782.701580718343
1,BABY CARE,2715.719497952052
1,BEAUTY,2637.475183287098
1,BEVERAGES,3839.2443756092994
1,BOOKS,3881.8418629821667
1,BREAD/BAKERY,3509.055268406431
1,CELEBRATION,3465.267636459363
1,CLEANING,3566.2289494558227
1,DAIRY,3410.3593171366238
1,DELI,3365.46574523249
1,EGGS,3389.773122851258
1,FROZEN FOODS,2524.149850998069
1,GROCERY I,3265.879770827199
1,GROCERY II,2339.7094185365645
1,HARDWARE,2011.9812767040341
1,HOME AND KITCHEN I,2688.6719743205854
1,HOME AND KITCHEN II,2625.132255006353
1,HOME APPLIANCES,2497.932030095522
1,HOME CARE,2811.31177714446
1,LADIESWEAR,2689.3561552544775
1,LAWN AND GARDEN,2650.307591187509
1,LINGERIE,2674.1354947733457
1,"LIQUOR,WINE,BEER",2951.1075483389595
1,MAGAZINES,2887.949879163811
1,MEATS,2932.8002526111914
1,PERSONAL CARE,2963.386163179097
1,PET SUPPLIES,2939.2046896604525
1,PLAYERS AND ELECTRONICS,2933.7282121491626
1,POULTRY,2959.2237585145745
1,PREPARED FOODS,2940.8468399871517
1,PRODUCE,1436.728683338992
1,SCHOOL AND OFFICE SUPPLIES,998.7780936822724
1,SEAFOOD,1475.0876910210784
2,AUTOMOTIVE,3227.5548586783516
2,BABY CARE,3059.1802372750785
2,BEAUTY,3020.990800121376
2,BEVERAGES,4420.712960919379
2,BOOKS,4364.971945719549
2,BREAD/BAKERY,3901.950840980652
2,CELEBRATION,3859.5168408826275
2,CLEANING,4018.5762319302976
2,DAIRY,3791.1093151573928
2,DELI,3874.020240590489
2,EGGS,3678.134911567852
2,FROZEN FOODS,2913.5617020701898
2,GROCERY I,3684.039443830822
2,GROCERY II,2760.8497566655883
2,HARDWARE,2342.3705958303885
2,HOME AND KITCHEN I,3187.658578610672
2,HOME AND KITCHEN II,3066.8523154274058
2,HOME APPLIANCES,2986.714990483151
2,HOME CARE,3317.5329129021115
2,LADIESWEAR,3189.3133790384486
2,LAWN AND GARDEN,3041.9547504669576
2,LINGERIE,3171.876624490681
2,"LIQUOR,WINE,BEER",4162.789253562051
2,MAGAZINES,3276.83020271799
2,MEATS,3221.5992329536816
2,PERSONAL CARE,3325.259451649761
2,PET SUPPLIES,3333.170255719829
2,PLAYERS AND ELECTRONICS,3327.6485059632478
2,POULTRY,3402.936446665974
2,PREPARED FOODS,3834.7498483382606
2,PRODUCE,1785.4752730962905
2,SCHOOL AND OFFICE SUPPLIES,1140.758291388797
2,SEAFOOD,1539.5614621313175
3,AUTOMOTIVE,3407.48083686816
3,BABY CARE,3619.916614645295
3,BEAUTY,3280.2160881086006
3,BEVERAGES,5321.286459477953
3,BOOKS,4734.232038622961
3,BREAD/BAKERY,4443.256312522014
3,CELEBRATION,227.1155354274854
3,CLEANING,157.3326321103491
3,DAIRY,99.17993851370281
3,DELI,86.98368281905017
3,EGGS,78.2901502428192
3,FROZEN FOODS,79.6787460916788
3,GROCERY I,94.44406831604263
3,GROCERY II,81.47770598063947
3,HARDWARE,54.164725348298944
3,HOME AND KITCHEN I,70.33923039448152
3,HOME AND KITCHEN II,58.29760899026587
3,HOME APPLIANCES,64.15096689891959
3,HOME CARE,102.0094853980652
3,LADIESWEAR,64.11193214124191
3,LAWN AND GARDEN,78.94844327834956
3,LINGERIE,81.13303877282817
3,"LIQUOR,WINE,BEER",84.73487047772196
3,MAGAZINES,75.416442875006
3,MEATS,83.85750153053662
3,PERSONAL CARE,79.01084422612158
3,PET SUPPLIES,85.57733628084938
3,PLAYERS AND ELECTRONICS,63.288966949318
3,POULTRY,55.05642311311182
3,PREPARED FOODS,116.4911728008099
3,PRODUCE,94.70010061376821
3,SCHOOL AND OFFICE SUPPLIES,56.528271168571514
3,SEAFOOD,71.67099439312811
4,AUTOMOTIVE,70.65816809459723
4,BABY CARE,71.39752685083131
4,BEAUTY,75.55289719225057
4,BEVERAGES,102.5273410391654
4,BOOKS,103.78950889646356
4,BREAD/BAKERY,74.07882927609266
4,CELEBRATION,69.08437411772836
4,CLEANING,68.80448423679044
4,DAIRY,68.65011799833994
4,DELI,73.60808069956838
4,EGGS,67.48432389383592
4,FROZEN FOODS,83.07127528496643
4,GROCERY I,92.52970358234751
4,GROCERY II,76.75626463276737
4,HARDWARE,65.98094739454682
4,HOME AND KITCHEN I,86.47572569815115
4,HOME AND KITCHEN II,84.35869318414252
4,HOME APPLIANCES,68.83563733094294
4,HOME CARE,118.4342378958149
4,LADIESWEAR,179.26666977833105
4,LAWN AND GARDEN,127.7160141615197
4,LINGERIE,115.0781138113055
4,"LIQUOR,WINE,BEER",137.28428516682868
4,MAGAZINES,156.9323226838436
4,MEATS,160.6448296886873
4,PERSONAL CARE,143.16950472530976
4,PET SUPPLIES,119.69618532705853
4,PLAYERS AND ELECTRONICS,121.72309965928113
4,POULTRY,120.17991625700641
4,PREPARED FOODS,89.58397664948522
4,PRODUCE,97.18376946911862
4,SCHOOL AND OFFICE SUPPLIES,103.55797826781478
4,SEAFOOD,103.07359843934302
5,AUTOMOTIVE,124.38355051640197
5,BABY CARE,127.75301228164784
5,BEAUTY,107.1697614272727
5,BEVERAGES,126.68273649373357
5,BOOKS,123.15968779691919
5,BREAD/BAKERY,114.14035408397199
5,CELEBRATION,124.02105842216903
5,CLEANING,123.30427507082523
5,DAIRY,147.06048274657616
5,DELI,198.56097903090935
5,EGGS,137.16580551998211
5,FROZEN FOODS,137.3008974930112
5,GROCERY I,154.6189883153495
5,GROCERY II,126.43417552205256
5,HARDWARE,101.94335431743299
5,HOME AND KITCHEN I,112.40057750647642
5,HOME AND KITCHEN II,108.28814717201234
5,HOME APPLIANCES,110.82464384647872
5,HOME CARE,129.8675150489029
5,LADIESWEAR,99.77275202261843
5,LAWN AND GARDEN,95.29098938255723
5,LINGERIE,94.07658494923137
5,"LIQUOR,WINE,BEER",79.68754150511798
5,MAGAZINES,94.3721949970097
5,MEATS,94.01530643952974
5,PERSONAL CARE,145.99908721849414
5,PET SUPPLIES,179.41420200354332
5,PLAYERS AND ELECTRONICS,58.721076677571425
5,POULTRY,43.133032609595986
5,PREPARED FOODS,32.81286627193124
5,PRODUCE,31.735806079123083
5,SCHOOL AND OFFICE SUPPLIES,28.23626833167395
5,SEAFOOD,32.150152668801624
6,AUTOMOTIVE,29.341370713318597
6,BABY CARE,28.165418435570242
6,BEAUTY,27.104382988458266
6,BEVERAGES,49.993613264506806
6,BOOKS,50.60812816526646
6,BREAD/BAKERY,44.97210608211071
6,CELEBRATION,42.239727937043064
6,CLEANING,44.03723502932807
6,DAIRY,42.985759296680534
6,DELI,41.37411153118522
6,EGGS,39.36646849058474
6,FROZEN FOODS,38.22521247316497
6,GROCERY I,45.03063163156259
6,GROCERY II,37.15841084088822
6,HARDWARE,28.895080585032726
6,HOME AND KITCHEN I,36.858133909142936
6,HOME AND KITCHEN II,33.76245309120409
6,HOME APPLIANCES,29.678160877193775
6,HOME CARE,88.82325584901017
6,LADIESWEAR,32.36892828453247
6,LAWN AND GARDEN,34.69544174269733
6,LINGERIE,31.766903503069223
6,"LIQUOR,WINE,BEER",35.98141548828118
6,MAGAZINES,35.20420058215099
6,MEATS,33.72195072755633
6,PERSONAL CARE,32.753430123907386
6,PET SUPPLIES,35.22681777638195
6,PLAYERS AND ELECTRONICS,34.55015884331373
6,POULTRY,35.72261721053602
6,PREPARED FOODS,34.009868636943914
6,PRODUCE,31.812714473185654
6,SCHOOL AND OFFICE SUPPLIES,28.65833176947399
6,SEAFOOD,33.085080578859866
7,AUTOMOTIVE,29.176063887847736
7,BABY CARE,28.238762612731133
7,BEAUTY,27.135565267793307
7,BEVERAGES,49.19068830142361
7,BOOKS,48.90173394328306
7,BREAD/BAKERY,43.11429728074635
7,CELEBRATION,45.68451981051098
7,CLEANING,43.34348747162723
7,DAIRY,43.9348419945015
7,DELI,40.34618415170067
7,EGGS,37.548306488172486
7,FROZEN FOODS,38.46478152499766
7,GROCERY I,42.27179007723649
7,GROCERY II,35.835694879738895
7,HARDWARE,26.75730106844812
7,HOME AND KITCHEN I,36.38816330496726
7,HOME AND KITCHEN II,32.36012213772848
7,HOME APPLIANCES,26.230963607501234
7,HOME CARE,85.83600848102004
7,LADIESWEAR,32.215707014060854
7,LAWN AND GARDEN,31.382615082934375
7,LINGERIE,31.787017990712386
7,"LIQUOR,WINE,BEER",37.838727447623796
7,MAGAZINES,33.62539608881306
7,MEATS,34.82479363317803
7,PERSONAL CARE,33.50655150597443
7,PET SUPPLIES,35.309811273550174
7,PLAYERS AND ELECTRONICS,35.48469260599282
7,POULTRY,35.61957042295224
7,PREPARED FOODS,34.486119088372064
7,PRODUCE,31.279372751904734
7,SCHOOL AND OFFICE SUPPLIES,31.116508541456533
7,SEAFOOD,33.90378563546118
8,AUTOMOTIVE,29.725710202318417
8,BABY CARE,27.777297010879515
8,BEAUTY,28.87443385775953
8,BEVERAGES,50.663749714393624
8,BOOKS,47.48732693169818
8,BREAD/BAKERY,44.066840857546815
8,CELEBRATION,41.57576842165307
8,CLEANING,44.710350762036576
8,DAIRY,42.49871785119896
8,DELI,40.162818849001866
8,EGGS,37.886932031714544
8,FROZEN FOODS,38.590647602045365
8,GROCERY I,297.15554788885254
8,GROCERY II,79.75217202344972
8,HARDWARE,44.72394369935188
8,HOME AND KITCHEN I,103.22530170164664
8,HOME AND KITCHEN II,90.29061549485102
8,HOME APPLIANCES,61.22363820210733
8,HOME CARE,391.33068910977556
8,LADIESWEAR,111.48395418734547
8,LAWN AND GARDEN,105.09749521536342
8,LINGERIE,108.57004842483312
8,"LIQUOR,WINE,BEER",123.2161529189173
8,MAGAZINES,69.26232685302783
8,MEATS,83.78368777666138
8,PERSONAL CARE,82.97004018113816
8,PET SUPPLIES,81.16818870136197
8,PLAYERS AND ELECTRONICS,84.74531979958914
8,POULTRY,217.32254712043903
8,PREPARED FOODS,209.34145223136696
8,PRODUCE,210.22258003671507
8,SCHOOL AND OFFICE SUPPLIES,52.688072067466805
8,SEAFOOD,59.550776097897
9,AUTOMOTIVE,73.3451548016728
9,BABY CARE,66.75572329885495
9,BEAUTY,61.31047632744191
9,BEVERAGES,225.06512767604363
9,BOOKS,241.91375647638765
9,BREAD/BAKERY,312.1871858462563
9,CELEBRATION,70.97111351980735
9,CLEANING,97.93312770740748
9,DAIRY,90.43259806672924
9,DELI,93.55612893768212
9,EGGS,156.26495902772976
9,FROZEN FOODS,200.3783997698048
9,GROCERY I,222.65599179075394
9,GROCERY II,126.68535272314504
9,HARDWARE,85.50788041758572
9,HOME AND KITCHEN I,133.6550313828582
9,HOME AND KITCHEN II,178.1319710705148
9,HOME APPLIANCES,59.90172564496363
9,HOME CARE,174.80734625176856
9,LADIESWEAR,148.66371526784914
9,LAWN AND GARDEN,177.80497429491297
9,LINGERIE,170.13573514032106
9,"LIQUOR,WINE,BEER",226.51501722355894
9,MAGAZINES,178.871484651062
9,MEATS,250.6755879062704
9,PERSONAL CARE,302.4576371104995
9,PET SUPPLIES,234.9748814261324
9,PLAYERS AND ELECTRONICS,227.93790731158464
9,POULTRY,218.46976727939023
9,PREPARED FOODS,191.8465172269016
9,PRODUCE,170.0494195489795
9,SCHOOL AND OFFICE SUPPLIES,137.76385404105542
9,SEAFOOD,181.29790017089547
10,AUTOMOTIVE,184.44805759980233
10,BABY CARE,149.05140488145247
10,BEAUTY,148.80066507120878
10,BEVERAGES,252.63283557799207
10,BOOKS,279.7126665286779
10,BREAD/BAKERY,266.9687320743188
10,CELEBRATION,219.73220495578025
10,CLEANING,202.8587137977801
10,DAIRY,189.12725576996377
10,DELI,220.9933953945099
10,EGGS,268.7081635542853
10,FROZEN FOODS,252.76802174893436
10,GROCERY I,293.8957522182727
10,GROCERY II,206.4545340675253
10,HARDWARE,199.63066044164003
10,HOME AND KITCHEN I,248.63054034507405
10,HOME AND KITCHEN II,211.4636367763378
10,HOME APPLIANCES,170.55893076643295
10,HOME CARE,175.40161247401863
10,LADIESWEAR,160.27058581386618
10,LAWN AND GARDEN,167.41423959576
10,LINGERIE,172.43071938140446
10,"LIQUOR,WINE,BEER",219.63275188701687
10,MAGAZINES,208.10581856066116
10,MEATS,232.99560393733162
10,PERSONAL CARE,236.6480883959195
10,PET SUPPLIES,244.49993317476287
10,PLAYERS AND ELECTRONICS,238.76742126395467
10,POULTRY,244.7135644837436
10,PREPARED FOODS,232.03915899496022
10,PRODUCE,174.13457982368277
10,SCHOOL AND OFFICE SUPPLIES,135.45576184689526
10,SEAFOOD,117.52680989442861
11,AUTOMOTIVE,42.27433621168406
11,BABY CARE,55.13039671048276
11,BEAUTY,61.877767516143436
11,BEVERAGES,251.70111905054867
11,BOOKS,250.3272343907853
11,BREAD/BAKERY,225.6252426409506
11,CELEBRATION,216.01944771248625
11,CLEANING,245.704934562487
11,DAIRY,241.00218911363424
11,DELI,217.0295405632961
11,EGGS,192.39089894646094
11,FROZEN FOODS,192.5979697335991
11,GROCERY I,213.88543325077637
11,GROCERY II,121.91614545895084
11,HARDWARE,82.54782742326574
11,HOME AND KITCHEN I,99.28524802670715
11,HOME AND KITCHEN II,88.8753990420801
11,HOME APPLIANCES,61.16420413617229
11,HOME CARE,359.0831730827891
11,LADIESWEAR,101.29951284307653
11,LAWN AND GARDEN,95.83590819107965
11,LINGERIE,97.86126245482824
11,"LIQUOR,WINE,BEER",90.49769303581328
11,MAGAZINES,130.7312681580668
11,MEATS,183.42673117460262
11,PERSONAL CARE,81.07472767415605
11,PET SUPPLIES,89.21516134157386
11,PLAYERS AND ELECTRONICS,118.00909941001439
11,POULTRY,129.29589408533005
11,PREPARED FOODS,96.34579462715044
11,PRODUCE,204.75353934673652
11,SCHOOL AND OFFICE SUPPLIES,54.30720841414336
11,SEAFOOD,59.730125787558855
12,AUTOMOTIVE,66.30296534014005
12,BABY CARE,69.4811206548305
12,BEAUTY,84.60911242695599
12,BEVERAGES,147.12328348637362
12,BOOKS,96.48791739624997
12,BREAD/BAKERY,78.61319504663
12,CELEBRATION,84.46692211571536
12,CLEANING,84.57091815201308
12,DAIRY,82.50503630682138
12,DELI,83.84322763754265
12,EGGS,126.24861689075098
12,FROZEN FOODS,175.20240853593262
12,GROCERY I,190.68013563823177
12,GROCERY II,126.51495979883303
12,HARDWARE,102.10139916364945
12,HOME AND KITCHEN I,135.0134045007012
12,HOME AND KITCHEN II,118.23250491182881
12,HOME APPLIANCES,100.42445860303336
12,HOME CARE,153.31691253305462
12,LADIESWEAR,119.79101051524279
12,LAWN AND GARDEN,96.99330606397366
12,LINGERIE,101.89769795877034
12,"LIQUOR,WINE,BEER",120.7788896597282
12,MAGAZINES,123.3477005605753
12,MEATS,128.11286590313404
12,PERSONAL CARE,139.8844573297821
12,PET SUPPLIES,262.61494365391724
12,PLAYERS AND ELECTRONICS,271.1723339615821
12,POULTRY,212.00248166001555
12,PREPARED FOODS,262.29057164068826
12,PRODUCE,120.98944263780804
12,SCHOOL AND OFFICE SUPPLIES,113.02373625712296
12,SEAFOOD,120.86809743054454
13,AUTOMOTIVE,137.01176080983296
13,BABY CARE,134.1562373389823
13,BEAUTY,105.00287211820938
13,BEVERAGES,138.05901661651768
13,BOOKS,140.1984410230394
13,BREAD/BAKERY,157.95199701285827
13,CELEBRATION,135.23709130820242
13,CLEANING,237.8540729928685
13,DAIRY,292.34366162242605
13,DELI,267.1183472432686
13,EGGS,221.41474543619609
13,FROZEN FOODS,215.81494264291467
13,GROCERY I,270.0442894338997
13,GROCERY II,158.12931165642283
13,HARDWARE,110.1476515734923
13,HOME AND KITCHEN I,144.54283423148115
13,HOME AND KITCHEN II,153.0960916607837
13,HOME APPLIANCES,128.06831573516484
13,HOME CARE,183.5115687722778
13,LADIESWEAR,75.858087592972
13,LAWN AND GARDEN,42.370214749843434
13,LINGERIE,94.55737941837013
13,"LIQUOR,WINE,BEER",78.56521783472921
13,MAGAZINES,33.11721055337604
13,MEATS,33.8557599679074
13,PERSONAL CARE,33.583477822254466
13,PET SUPPLIES,33.46731292706033
13,PLAYERS AND ELECTRONICS,34.50453501850828
13,POULTRY,38.15503692236799
13,PREPARED FOODS,36.975156084911816
13,PRODUCE,35.72065630590833
13,SCHOOL AND OFFICE SUPPLIES,29.664943326851475
13,SEAFOOD,33.86513378001601
14,AUTOMOTIVE,28.66617267431086
14,BABY CARE,27.664745465197015
14,BEAUTY,26.772770374282544
14,BEVERAGES,56.2836989608083
14,BOOKS,55.7443745873351
14,BREAD/BAKERY,49.14402110947131
14,CELEBRATION,49.91054101112282
14,CLEANING,50.364801413119736
14,DAIRY,45.606387931236
14,DELI,42.14645807535916
14,EGGS,38.829727968197005
14,FROZEN FOODS,38.17529386463102
14,GROCERY I,44.73467120762582
14,GROCERY II,37.18895398381889
14,HARDWARE,26.076752543154917
14,HOME AND KITCHEN I,37.79014534970036
14,HOME AND KITCHEN II,33.249736044255805
14,HOME APPLIANCES,26.050437776780075
14,HOME CARE,97.66910876318741
14,LADIESWEAR,32.10547093772668
14,LAWN AND GARDEN,29.490715727242147
14,LINGERIE,30.410291589658343
14,"LIQUOR,WINE,BEER",34.59095873617654
14,MAGAZINES,31.880155815013616
14,MEATS,32.91645812632688
14,PERSONAL CARE,32.40529833630697
14,PET SUPPLIES,32.72125712647554
14,PLAYERS AND ELECTRONICS,34.051116540949195
14,POULTRY,37.251725895795445
14,PREPARED FOODS,170.26990508623476
14,PRODUCE,139.41067067236457
14,SCHOOL AND OFFICE SUPPLIES,28.50247806209498
14,SEAFOOD,32.48494325913019
15,AUTOMOTIVE,28.679626347497013
15,BABY CARE,27.90207436872971
15,BEAUTY,26.728837202434747
15,BEVERAGES,57.747104881708196
15,BOOKS,57.57851246347725
15,BREAD/BAKERY,51.98018722896592
15,CELEBRATION,46.715180565590444
15,CLEANING,45.67498107169661
15,DAIRY,68.97120215148915
15,DELI,246.9479573331876
15,EGGS,219.0569922687446
15,FROZEN FOODS,219.23159867818802
15,GROCERY I,243.88142451797953
15,GROCERY II,68.4326904233901
15,HARDWARE,27.464230997888933
15,HOME AND KITCHEN I,36.92050276351476
15,HOME AND KITCHEN II,33.23540728256896
15,HOME APPLIANCES,26.73763263525521
15,HOME CARE,97.64214737541
15,LADIESWEAR,32.31815820896395
15,LAWN AND GARDEN,29.355549504672403
15,LINGERIE,29.52799671166673
15,"LIQUOR,WINE,BEER",34.775882899859766
15,MAGAZINES,31.17303047837925
15,MEATS,32.575550282436296
15,PERSONAL CARE,32.913671974081204
15,PET SUPPLIES,31.317652887655537
15,PLAYERS AND ELECTRONICS,63.298226929109944
15,POULTRY,223.88379084157555
15,PREPARED FOODS,74.10618425117998
15,PRODUCE,34.16855861343878
15,SCHOOL AND OFFICE SUPPLIES,28.150949399375413
15,SEAFOOD,32.22771541154803
16,AUTOMOTIVE,30.111766711784803
16,BABY CARE,64.96915744120238
16,BEAUTY,72.08908954790107
16,BEVERAGES,290.0908944493916
16,BOOKS,266.91980472182865
16,BREAD/BAKERY,276.7665959156464
16,CELEBRATION,61.17527011131228
16,CLEANING,201.2082483795966
16,DAIRY,279.3694945658871
16,DELI,253.04389776220242
16,EGGS,224.77584129304967
16,FROZEN FOODS,224.72049317897344
16,GROCERY I,249.67201421183702
16,GROCERY II,134.41146413499405
16,HARDWARE,94.68379227646254
16,HOME AND KITCHEN I,115.76956559947773
16,HOME AND KITCHEN II,102.77356870150105
16,HOME APPLIANCES,68.58614487420078
16,HOME CARE,428.00223197723284
16,LADIESWEAR,119.86563163835291
16,LAWN AND GARDEN,113.90903782027618
16,LINGERIE,114.85992157190825
16,"LIQUOR,WINE,BEER",129.09806199867128
16,MAGAZINES,71.78137071261168
16,MEATS,86.00220474909985
16,PERSONAL CARE,85.44553849043781
16,PET SUPPLIES,81.1460008908671
16,PLAYERS AND ELECTRONICS,87.17048099193082
16,POULTRY,537.8555243602196
16,PREPARED FOODS,1114.1741293316945
16,PRODUCE,458.59656119336665
16,SCHOOL AND OFFICE SUPPLIES,254.8223528902582
16,SEAFOOD,447.8857692816259
17,AUTOMOTIVE,856.9214280418636
17,BABY CARE,424.428852010024
17,BEAUTY,286.15726630156064
17,BEVERAGES,279.8509774430027
17,BOOKS,278.2438918190739
17,BREAD/BAKERY,251.0487800231198
17,CELEBRATION,339.00479471876486
17,CLEANING,963.4380482876469
17,DAIRY,945.4519761697909
17,DELI,486.26948155219964
17,EGGS,449.4908687456607
17,FROZEN FOODS,784.8292773334005
17,GROCERY I,1168.6935818734987
17,GROCERY II,860.5162348515627
17,HARDWARE,800.9490127854174
17,HOME AND KITCHEN I,899.6974204097949
17,HOME AND KITCHEN II,880.8711493804627
17,HOME APPLIANCES,889.3067858097478
17,HOME CARE,595.7400378084495
17,LADIESWEAR,358.0005320981275
17,LAWN AND GARDEN,105.80078414757848
17,LINGERIE,106.81233746255465
17,"LIQUOR,WINE,BEER",120.44349903200158
17,MAGAZINES,69.15055605309624
17,MEATS,83.70215965933131
17,PERSONAL CARE,153.05074812426128
17,PET SUPPLIES,844.5743558292651
17,PLAYERS AND ELECTRONICS,1121.5643335925733
17,POULTRY,1158.1142326187223
17,PREPARED FOODS,1199.435816936006
17,PRODUCE,650.4830772115007
17,SCHOOL AND OFFICE SUPPLIES,460.7976518693784
17,SEAFOOD,591.0209672517188
18,AUTOMOTIVE,942.3666393973276
18,BABY CARE,964.7265810768106
18,BEAUTY,958.0192289223769
18,BEVERAGES,1278.0299766706855
18,BOOKS,1293.226969557673
18,BREAD/BAKERY,1160.754473568981
18,CELEBRATION,1208.6849724219007
18,CLEANING,1276.2086435327733
18,DAIRY,1251.0724638924469
18,DELI,1193.6557542775404
18,EGGS,1177.0382240236609
18,FROZEN FOODS,927.4934319520511
18,GROCERY I,1146.6581626114123
18,GROCERY II,919.5988442126281
18,HARDWARE,822.8280862963613
18,HOME AND KITCHEN I,931.6359926433704
18,HOME AND KITCHEN II,830.082380361871
18,HOME APPLIANCES,823.123353339836
18,HOME CARE,980.9306860711315
18,LADIESWEAR,939.8429236545675
18,LAWN AND GARDEN,915.1358468907518
18,LINGERIE,960.2197679348897
18,"LIQUOR,WINE,BEER",1068.4496016037042
18,MAGAZINES,1059.960930000841
18,MEATS,196.11497570230995
18,PERSONAL CARE,115.7891868309367
18,PET SUPPLIES,55.20489347674729
18,PLAYERS AND ELECTRONICS,81.05028863654121
18,POULTRY,209.03028283719124
18,PREPARED FOODS,200.65889664790083
18,PRODUCE,217.93629923318014
18,SCHOOL AND OFFICE SUPPLIES,58.249293478958975
18,SEAFOOD,64.15747143852205
19,AUTOMOTIVE,75.18892409746466
19,BABY CARE,70.79321746459762
19,BEAUTY,68.38664732165053
19,BEVERAGES,283.62404788531666
19,BOOKS,282.04057358459227
19,BREAD/BAKERY,254.5494696271836
19,CELEBRATION,242.39882845693833
19,CLEANING,279.81392055712143
19,DAIRY,274.5041326482641
19,DELI,246.3906907969406
19,EGGS,218.49262906307953
19,FROZEN FOODS,218.7292013079941
19,GROCERY I,243.20465266283057
19,GROCERY II,131.73342037233496
19,HARDWARE,90.78813203171443
19,HOME AND KITCHEN I,111.66754152400458
19,HOME AND KITCHEN II,97.10624484941263
19,HOME APPLIANCES,66.51646227465842
19,HOME CARE,417.70186471580956
19,LADIESWEAR,114.71805163817639
19,LAWN AND GARDEN,109.19343629920931
19,LINGERIE,110.47162369257796
19,"LIQUOR,WINE,BEER",122.63018855156196
19,MAGAZINES,71.89386862228123
19,MEATS,87.31833457032471
19,PERSONAL CARE,87.32754413395797
19,PET SUPPLIES,82.66352854536265
19,PLAYERS AND ELECTRONICS,88.54324942817958
19,POULTRY,229.5530722729568
19,PREPARED FOODS,220.7941598998537
19,PRODUCE,233.1242446048443
19,SCHOOL AND OFFICE SUPPLIES,61.50063974279142
19,SEAFOOD,67.35388236738657
20,AUTOMOTIVE,70.55680157697715
20,BABY CARE,65.87794294659298
20,BEAUTY,63.62510655688659
20,BEVERAGES,258.1004665207225
20,BOOKS,256.6939527066107
20,BREAD/BAKERY,231.07595602657798
20,CELEBRATION,221.2840624000395
20,CLEANING,252.45324842054546
20,DAIRY,247.61194383786898
20,DELI,223.0690607563694
20,EGGS,197.48252037852112
20,FROZEN FOODS,197.66418268000643
20,GROCERY I,219.99689571343202
20,GROCERY II,124.57326539097619
20,HARDWARE,84.62549457614683
20,HOME AND KITCHEN I,101.88933972038024
20,HOME AND KITCHEN II,90.70480629100454
20,HOME APPLIANCES,61.91552130430591
20,HOME CARE,357.1857574807974
20,LADIESWEAR,102.37726751510597
20,LAWN AND GARDEN,96.72659618771526
20,LINGERIE,98.87833415780807
20,"LIQUOR,WINE,BEER",112.46352389892093
20,MAGAZINES,62.406308719038336
20,MEATS,75.86736583021452
20,PERSONAL CARE,75.31532591485755
20,PET SUPPLIES,72.03002658293354
20,PLAYERS AND ELECTRONICS,78.52847785645567
20,POULTRY,205.91171911258547
20,PREPARED FOODS,197.77544720367786
20,PRODUCE,211.8088682529384
20,SCHOOL AND OFFICE SUPPLIES,54.61779236739645
20,SEAFOOD,60.207903966838614
21,AUTOMOTIVE,73.67154754459142
21,BABY CARE,71.16939767060934
21,BEAUTY,68.93672837355818
21,BEVERAGES,267.49323815281457
21,BOOKS,266.0383470862256
21,BREAD/BAKERY,239.87049974787107
21,CELEBRATION,229.28764100262575
21,CLEANING,261.1631381673549
21,DAIRY,256.1782356207235
21,DELI,231.93438384242378
21,EGGS,187.64219628029986
21,FROZEN FOODS,152.56124622906012
21,GROCERY I,62.526426155112134
21,GROCERY II,100.29245718018778
21,HARDWARE,90.1766292559458
21,HOME AND KITCHEN I,108.8200236457827
21,HOME AND KITCHEN II,97.0425916002199
21,HOME APPLIANCES,66.30684414155249
21,HOME CARE,378.1074329420915
21,LADIESWEAR,108.60156344127859
21,LAWN AND GARDEN,102.34221786512757
21,LINGERIE,104.84396351349342
21,"LIQUOR,WINE,BEER",119.16749103846583
21,MAGAZINES,63.29200178422278
21,MEATS,76.5802264809096
21,PERSONAL CARE,76.12439487051974
21,PET SUPPLIES,72.57821783843812
21,PLAYERS AND ELECTRONICS,79.60238531788602
21,POULTRY,208.21626365997227
21,PREPARED FOODS,199.43511347384182
21,PRODUCE,214.04462761810626
21,SCHOOL AND OFFICE SUPPLIES,55.49881339641646
21,SEAFOOD,60.6139875401775
22,AUTOMOTIVE,74.61646350697634
22,BABY CARE,70.02447359548027
22,BEAUTY,67.66845156796033
22,BEVERAGES,285.29749116478246
22,BOOKS,283.66047556667075
22,BREAD/BAKERY,255.8912649620823
22,CELEBRATION,245.5826299484047
22,CLEANING,283.03801338178465
22,DAIRY,277.5905856769148
22,DELI,250.24043363953922
22,EGGS,221.83783356811608
22,FROZEN FOODS,222.02439389327685
22,GROCERY I,245.67267104698652
22,GROCERY II,132.04721057060829
22,HARDWARE,88.88196546778921
22,HOME AND KITCHEN I,107.82846132926984
22,HOME AND KITCHEN II,95.47490753360353
22,HOME APPLIANCES,64.02022508615873
22,HOME CARE,398.07241694855446
22,LADIESWEAR,112.31656056366194
22,LAWN AND GARDEN,106.03838130753236
22,LINGERIE,108.57664741834913
22,"LIQUOR,WINE,BEER",120.68241839399624
22,MAGAZINES,69.33864887710317
22,MEATS,83.25818258638084
22,PERSONAL CARE,82.68739913008056
22,PET SUPPLIES,78.02098771782329
22,PLAYERS AND ELECTRONICS,84.79896999960005
22,POULTRY,220.69830633783366
22,PREPARED FOODS,212.03223109243072
22,PRODUCE,221.41499519085167
22,SCHOOL AND OFFICE SUPPLIES,56.49264599472469
22,SEAFOOD,61.653325798669115
23,AUTOMOTIVE,73.160578829117
23,BABY CARE,70.00741636336929
23,BEAUTY,68.28850671084645
23,BEVERAGES,284.2702916777407
23,BOOKS,282.71135162670373
23,BREAD/BAKERY,256.57834221364874
23,CELEBRATION,244.67462685153083
23,CLEANING,281.51303723655144
23,DAIRY,276.1005740595366
23,DELI,250.03070067602283
23,EGGS,220.60593150800293
23,FROZEN FOODS,220.87659781836808
23,GROCERY I,245.38705597727807
23,GROCERY II,135.34556538554654
23,HARDWARE,89.80385535578785
23,HOME AND KITCHEN I,108.74232641640253
23,HOME AND KITCHEN II,94.91801697370957
23,HOME APPLIANCES,65.5777895648379
23,HOME CARE,407.25839852956017
23,LADIESWEAR,114.70370312468155
23,LAWN AND GARDEN,108.89607186491902
23,LINGERIE,110.24509046793884
23,"LIQUOR,WINE,BEER",125.66129148620442
23,MAGAZINES,72.72953621509369
23,MEATS,86.75622924520587
23,PERSONAL CARE,85.90947718200499
23,PET SUPPLIES,83.03114713964727
23,PLAYERS AND ELECTRONICS,87.17756684451281
23,POULTRY,225.49760120845934
23,PREPARED FOODS,217.61072605771463
23,PRODUCE,147.71373773355856
23,SCHOOL AND OFFICE SUPPLIES,74.20063427371691
23,SEAFOOD,70.1291215321783
24,AUTOMOTIVE,52.00240385593767
24,BABY CARE,48.02372974873317
24,BEAUTY,51.61711206829584
24,BEVERAGES,80.55332876858616
24,BOOKS,96.39185610607338
24,BREAD/BAKERY,71.60319448595166
24,CELEBRATION,65.98573809186763
24,CLEANING,57.51148420511795
24,DAIRY,48.04374054933191
24,DELI,54.13859096204696
24,EGGS,61.38055956191588
24,FROZEN FOODS,63.29987749009344
24,GROCERY I,71.86396299930573
24,GROCERY II,68.21963317850864
24,HARDWARE,53.035212629311964
24,HOME AND KITCHEN I,60.652606350772345
24,HOME AND KITCHEN II,63.41823491620852
24,HOME APPLIANCES,66.16899041471616
24,HOME CARE,95.32724697286947
24,LADIESWEAR,76.56014957125353
24,LAWN AND GARDEN,78.87326708418674
24,LINGERIE,70.64823648892153
24,"LIQUOR,WINE,BEER",71.72054038540595
24,MAGAZINES,63.36785393510725
24,MEATS,73.05592526706776
24,PERSONAL CARE,78.20562619045884
24,PET SUPPLIES,76.79000837429153
24,PLAYERS AND ELECTRONICS,82.05758992030205
24,POULTRY,85.69854397333671
24,PREPARED FOODS,84.48754493863422
24,PRODUCE,58.068305562246266
24,SCHOOL AND OFFICE SUPPLIES,62.70881005250278
24,SEAFOOD,80.57318714644822
25,AUTOMOTIVE,93.25720774205251
25,BABY CARE,97.85626735356465
25,BEAUTY,100.11833579705903
25,BEVERAGES,130.2425239107738
25,BOOKS,109.79810757938019
25,BREAD/BAKERY,102.56875074004955
25,CELEBRATION,85.65603192574618
25,CLEANING,79.30702918266887
25,DAIRY,70.54478621944534
25,DELI,56.02903710906426
25,EGGS,58.4411719296524
25,FROZEN FOODS,61.70018088151981
25,GROCERY I,65.45549572225734
25,GROCERY II,63.46968215679148
25,HARDWARE,50.04412218734547
25,HOME AND KITCHEN I,52.11365827812473
25,HOME AND KITCHEN II,47.63330342136252
25,HOME APPLIANCES,47.65959995978388
25,HOME CARE,125.80145638636694
25,LADIESWEAR,73.19770613915246
25,LAWN AND GARDEN,68.7045795733628
25,LINGERIE,63.18581587190551
25,"LIQUOR,WINE,BEER",78.42101240757393
25,MAGAZINES,68.3199757517406
25,MEATS,76.71850268724616
25,PERSONAL CARE,66.07771109739325
25,PET SUPPLIES,59.229281434056425
25,PLAYERS AND ELECTRONICS,60.24168319688664
25,POULTRY,77.09455542786121
25,PREPARED FOODS,74.36899307789538
25,PRODUCE,63.88821684658694
25,SCHOOL AND OFFICE SUPPLIES,55.14538531529519
25,SEAFOOD,61.38744624207629
26,AUTOMOTIVE,56.64959942363213
26,BABY CARE,50.646416522074794
26,BEAUTY,48.29599214086851
26,BEVERAGES,68.37521935642641
26,BOOKS,58.35470778299144
26,BREAD/BAKERY,44.57812447348908
26,CELEBRATION,47.713977020217726
26,CLEANING,53.189129273458164
26,DAIRY,56.47321783218068
26,DELI,51.198126811586896
26,EGGS,59.58169808379452
26,FROZEN FOODS,57.747529728122196
26,GROCERY I,59.25290750572269
26,GROCERY II,57.37271962820327
26,HARDWARE,50.283710061406495
26,HOME AND KITCHEN I,54.64267827717267
26,HOME AND KITCHEN II,77.6806868287198
26,HOME APPLIANCES,99.34839584313292
26,HOME CARE,369.07244085843826
26,LADIESWEAR,256.1381999885926
26,LAWN AND GARDEN,313.7690961483286
26,LINGERIE,247.42530660577464
26,"LIQUOR,WINE,BEER",258.1369587002692
26,MAGAZINES,237.58888441270582
26,MEATS,228.50997797019932
26,PERSONAL CARE,242.22655019748436
26,PET SUPPLIES,214.3492427286833
26,PLAYERS AND ELECTRONICS,233.01674113981832
26,POULTRY,225.1310093505678
26,PREPARED FOODS,224.49835485829774
26,PRODUCE,164.7989486257485
26,SCHOOL AND OFFICE SUPPLIES,109.5372374268164
26,SEAFOOD,172.7407130165094
27,AUTOMOTIVE,155.76883059294025
27,BABY CARE,156.88655853184193
27,BEAUTY,148.15262555070436
27,BEVERAGES,279.1769568620097
27,BOOKS,282.39750918552625
27,BREAD/BAKERY,255.8156708935639
27,CELEBRATION,279.82823290431173
27,CLEANING,428.498288652661
27,DAIRY,266.4984186522266
27,DELI,271.93537957302556
27,EGGS,211.29932785479352
27,FROZEN FOODS,291.50845786289017
27,GROCERY I,305.65325673612114
27,GROCERY II,220.73462642923292
27,HARDWARE,206.67384442724347
27,HOME AND KITCHEN I,215.3507715497458
27,HOME AND KITCHEN II,201.4685263514175
27,HOME APPLIANCES,167.0167828110457
27,HOME CARE,206.34670372049604
27,LADIESWEAR,188.59172438781758
27,LAWN AND GARDEN,202.0209299967845
27,LINGERIE,183.8397749642954
27,"LIQUOR,WINE,BEER",247.44222778081223
27,MAGAZINES,194.8952638125651
27,MEATS,165.63114803003248
27,PERSONAL CARE,169.6689558044352
27,PET SUPPLIES,194.0827759668037
27,PLAYERS AND ELECTRONICS,181.70443790164194
27,POULTRY,190.27549771353245
27,PREPARED FOODS,285.28994893691464
27,PRODUCE,229.12857411789383
27,SCHOOL AND OFFICE SUPPLIES,126.8618064039989
27,SEAFOOD,198.42062820257985
28,AUTOMOTIVE,244.80991483725506
28,BABY CARE,286.9820531565354
28,BEAUTY,303.5212586989453
28,BEVERAGES,394.9105724882217
28,BOOKS,351.41228210989595
28,BREAD/BAKERY,247.25441157668686
28,CELEBRATION,249.70220518175594
28,CLEANING,274.9795236556615
28,DAIRY,286.4943605253542
28,DELI,290.0296212715258
28,EGGS,252.95914794281484
28,FROZEN FOODS,247.03043086472434
28,GROCERY I,315.98993221085914
28,GROCERY II,209.22067570377868
28,HARDWARE,162.68541018565327
28,HOME AND KITCHEN I,199.2664677613148
28,HOME AND KITCHEN II,199.73094774557396
28,HOME APPLIANCES,177.48649584935336
28,HOME CARE,207.396461205031
28,LADIESWEAR,354.21004449897015
28,LAWN AND GARDEN,237.91893818187387
28,LINGERIE,220.934843961553
28,"LIQUOR,WINE,BEER",257.28933888781665
28,MAGAZINES,246.17119967421223
28,MEATS,254.31568910890203
28,PERSONAL CARE,252.43178790393188
28,PET SUPPLIES,227.53362584089282
28,PLAYERS AND ELECTRONICS,225.21459336753202
28,POULTRY,229.34132019867198
28,PREPARED FOODS,176.07906456160543
28,PRODUCE,171.37650979176988
28,SCHOOL AND OFFICE SUPPLIES,141.75581056169932
28,SEAFOOD,188.27338033849156
29,AUTOMOTIVE,216.86607964925196
29,BABY CARE,211.6187290852998
29,BEAUTY,180.9932292273003
29,BEVERAGES,347.1851595135468
29,BOOKS,192.52442749342535
29,BREAD/BAKERY,88.26888314861064
29,CELEBRATION,251.2346251527749
29,CLEANING,290.15531099797175
29,DAIRY,284.0269606034559
29,DELI,254.97743982282768
29,EGGS,224.39690310250631
29,FROZEN FOODS,224.41747340854695
29,GROCERY I,249.48820763791937
29,GROCERY II,134.85471033215134
29,HARDWARE,91.87293785454493
29,HOME AND KITCHEN I,111.09564684314124
29,HOME AND KITCHEN II,97.07876819753506
29,HOME APPLIANCES,67.84761819195027
29,HOME CARE,418.4428152215645
29,LADIESWEAR,117.57127777304187
29,LAWN AND GARDEN,112.49439909463302
29,LINGERIE,114.6242881527093
29,"LIQUOR,WINE,BEER",131.35523297491312
29,MAGAZINES,75.62694007656589
29,MEATS,89.1699450911494
29,PERSONAL CARE,88.33484113963259
29,PET SUPPLIES,84.77003090208763
29,PLAYERS AND ELECTRONICS,89.09880212985492
29,POULTRY,78.53225675183856
29,PREPARED FOODS,35.15612741365691
29,PRODUCE,66.37980436613513
29,SCHOOL AND OFFICE SUPPLIES,28.304537250398056
29,SEAFOOD,31.853854065304006
30,AUTOMOTIVE,27.805493467184
30,BABY CARE,61.719729732596555
30,BEAUTY,68.38314097287541
30,BEVERAGES,286.74768484621393
30,BOOKS,285.1474629506064
30,BREAD/BAKERY,257.3189964023811
30,CELEBRATION,102.20424657521582
30,CLEANING,53.59598555679789
30,DAIRY,117.89383899748645
30,DELI,48.337455096054626
30,EGGS,40.563807448001704
30,FROZEN FOODS,41.56083697998297
30,GROCERY I,47.81410190657367
30,GROCERY II,37.56544706921915
30,HARDWARE,28.08057466869722
30,HOME AND KITCHEN I,37.55245793117554
30,HOME AND KITCHEN II,32.869883538538964
30,HOME APPLIANCES,25.717899009174175
30,HOME CARE,415.7797296637885
30,LADIESWEAR,115.20029974480843
30,LAWN AND GARDEN,110.1430375963824
30,LINGERIE,111.21930105992834
30,"LIQUOR,WINE,BEER",85.09225061161234
30,MAGAZINES,32.235830466660445
30,MEATS,32.16058888382942
30,PERSONAL CARE,31.802738861997764
30,PET SUPPLIES,31.701526147272762
30,PLAYERS AND ELECTRONICS,33.487660797721674
30,POULTRY,36.60407868293703
30,PREPARED FOODS,35.913353806319726
30,PRODUCE,36.63617096726774
30,SCHOOL AND OFFICE SUPPLIES,27.865282956459513
30,SEAFOOD,31.48032699319129
31,AUTOMOTIVE,30.133589285906574
31,BABY CARE,31.008945865447952
31,BEAUTY,29.544706540305373
31,BEVERAGES,49.63649365031531
31,BOOKS,48.79762342367141
31,BREAD/BAKERY,45.39849052735271
31,CELEBRATION,42.32676338500603
31,CLEANING,42.83258102738011
31,DAIRY,41.789900229632444
31,DELI,40.379112688160276
31,EGGS,39.83938481163182
31,FROZEN FOODS,38.30728854936663
31,GROCERY I,42.13485053874089
31,GROCERY II,38.78823581955803
31,HARDWARE,31.640811837230896
31,HOME AND KITCHEN I,36.3537835750974
31,HOME AND KITCHEN II,33.134979914957995
31,HOME APPLIANCES,28.73168696303719
31,HOME CARE,85.22287491309885
31,LADIESWEAR,33.237082612187415
31,LAWN AND GARDEN,33.17678374929902
31,LINGERIE,33.17993494102222
31,"LIQUOR,WINE,BEER",115.60664762033235
31,MAGAZINES,193.67044768213785
31,MEATS,444.40755650137635
31,PERSONAL CARE,414.37400230969723
31,PET SUPPLIES,418.44307507503333
31,PLAYERS AND ELECTRONICS,416.3456789795921
31,POULTRY,420.8981536917046
31,PREPARED FOODS,461.2510920663908
31,PRODUCE,345.37287794401277
31,SCHOOL AND OFFICE SUPPLIES,260.9014942912698
31,SEAFOOD,349.94596690365483
32,AUTOMOTIVE,397.1718127850166
32,BABY CARE,404.56446721982525
32,BEAUTY,373.5065414824581
32,BEVERAGES,500.1352699129238
32,BOOKS,499.1896902383527
32,BREAD/BAKERY,443.0580443395996
32,CELEBRATION,429.8641124165347
32,CLEANING,415.92835582008365
32,DAIRY,424.1660233145541
32,DELI,437.72504509870066
32,EGGS,440.11325336134007
32,FROZEN FOODS,414.22579260302706
32,GROCERY I,468.1791384080056
32,GROCERY II,349.1748461071925
32,HARDWARE,316.28418757812983
32,HOME AND KITCHEN I,366.59657459752725
32,HOME AND KITCHEN II,372.3928548612128
32,HOME APPLIANCES,357.87463455571225
32,HOME CARE,422.4605722185472
32,LADIESWEAR,413.60504882138014
32,LAWN AND GARDEN,395.402496677862
32,LINGERIE,422.8551885765417
32,"LIQUOR,WINE,BEER",458.85821200143386
32,MAGAZINES,499.34470302933585
32,MEATS,483.2575418041981
32,PERSONAL CARE,511.06936234362
32,PET SUPPLIES,472.35072864068877
32,PLAYERS AND ELECTRONICS,457.3165227372635
32,POULTRY,468.0868948568289
32,PREPARED FOODS,449.59487590105726
32,PRODUCE,336.1784615286718
32,SCHOOL AND OFFICE SUPPLIES,247.8383260254666
32,SEAFOOD,359.1722607718674
33,AUTOMOTIVE,397.6523900086678
33,BABY CARE,399.6985043575804
33,BEAUTY,403.8292090466713
33,BEVERAGES,480.56116600541424
33,BOOKS,529.3461906392282
33,BREAD/BAKERY,529.1329325958255
33,CELEBRATION,503.45273937342506
33,CLEANING,481.1906564620777
33,DAIRY,448.7383899004112
33,DELI,449.38366024219647
33,EGGS,495.46099165339325
33,FROZEN FOODS,464.3569008976715
33,GROCERY I,570.0782740708687
33,GROCERY II,463.14618516026064
33,HARDWARE,367.383263974599
33,HOME AND KITCHEN I,470.33113609925005
33,HOME AND KITCHEN II,453.50459543933283
33,HOME APPLIANCES,398.3814714293445
33,HOME CARE,475.3423734057387
33,LADIESWEAR,459.4870749030094
33,LAWN AND GARDEN,410.9361756826737
33,LINGERIE,414.77883091455396
33,"LIQUOR,WINE,BEER",442.7626492066385
33,MAGAZINES,437.46295558214837
33,MEATS,451.5420321302934
33,PERSONAL CARE,424.68656127478107
33,PET SUPPLIES,450.0866752104544
33,PLAYERS AND ELECTRONICS,494.53449269370304
33,POULTRY,480.68908266017166
33,PREPARED FOODS,482.7099854839427
33,PRODUCE,387.0813201786446
33,SCHOOL AND OFFICE SUPPLIES,278.43781286475286
33,SEAFOOD,407.60856611203957
34,AUTOMOTIVE,459.3891638903881
34,BABY CARE,422.3933601827645
34,BEAUTY,434.64018469065365
34,BEVERAGES,601.5055678494455
34,BOOKS,629.0740659542982
34,BREAD/BAKERY,566.3472376720641
34,CELEBRATION,562.3550943286906
34,CLEANING,555.7309559945585
34,DAIRY,546.6504753152212
34,DELI,172.46308321537197
34,EGGS,471.29108040852014
34,FROZEN FOODS,653.3557935746812
34,GROCERY I,928.9998746128672
34,GROCERY II,742.6278838966289
34,HARDWARE,664.7371943101173
34,HOME AND KITCHEN I,788.6190818877407
34,HOME AND KITCHEN II,781.7585545204671
34,HOME APPLIANCES,725.5700784258883
34,HOME CARE,862.4553407588967
34,LADIESWEAR,794.5539461128312
34,LAWN AND GARDEN,766.4733496328182
34,LINGERIE,769.4100755425687
34,"LIQUOR,WINE,BEER",807.4035228377187
34,MAGAZINES,822.5116379098545
34,MEATS,902.6933527912954
34,PERSONAL CARE,980.2596235050219
34,PET SUPPLIES,846.0206961881657
34,PLAYERS AND ELECTRONICS,796.2036876794175
34,POULTRY,756.4145876135404
34,PREPARED FOODS,871.0592573835925
34,PRODUCE,544.550567627529
34,SCHOOL AND OFFICE SUPPLIES,387.66400187915355
34,SEAFOOD,539.442789859673
35,AUTOMOTIVE,740.5204881131347
35,BABY CARE,725.9083272417838
35,BEAUTY,755.4736933669877
35,BEVERAGES,1189.3622489077125
35,BOOKS,1147.2293928926392
35,BREAD/BAKERY,1182.9388569062562
35,CELEBRATION,926.9492440679825
35,CLEANING,1090.1167617144606
35,DAIRY,1140.1188888750992
35,DELI,1076.8998893667094
35,EGGS,994.4864885989065
35,FROZEN FOODS,875.5735347948398
35,GROCERY I,1043.667548181834
35,GROCERY II,831.6665130790524
35,HARDWARE,693.8466996629369
35,HOME AND KITCHEN I,810.1734182714672
35,HOME AND KITCHEN II,682.8751404681622
35,HOME APPLIANCES,778.6046337603161
35,HOME CARE,960.4484373506473
35,LADIESWEAR,980.475636899532
35,LAWN AND GARDEN,907.3736585357291
35,LINGERIE,960.7587317074165
35,"LIQUOR,WINE,BEER",1017.439149498295
35,MAGAZINES,963.088056497994
35,MEATS,1119.1668730486153
35,PERSONAL CARE,1077.7946041848954
35,PET SUPPLIES,1101.1491544609191
35,PLAYERS AND ELECTRONICS,1143.8734760473533
35,POULTRY,1227.8192501115977
35,PREPARED FOODS,1222.8529689983288
35,PRODUCE,656.0237549864662
35,SCHOOL AND OFFICE SUPPLIES,450.2338017722781
35,SEAFOOD,581.6347267874021
36,AUTOMOTIVE,889.8750280999983
36,BABY CARE,973.8165625447297
36,BEAUTY,959.6781336008654
36,BEVERAGES,1393.158086172588
36,BOOKS,1319.8592392897456
36,BREAD/BAKERY,1269.090976907409
36,CELEBRATION,1366.8556169682543
36,CLEANING,1355.2373298935565
36,DAIRY,1287.3300155313887
36,DELI,1201.551204869085
36,EGGS,1199.5064952540633
36,FROZEN FOODS,963.5883647825469
36,GROCERY I,1285.10452076703
36,GROCERY II,935.4401549096638
36,HARDWARE,870.1610939090122
36,HOME AND KITCHEN I,925.2296241052549
36,HOME AND KITCHEN II,955.2957569375823
36,HOME APPLIANCES,883.4650922519085
36,HOME CARE,1042.650717339152
36,LADIESWEAR,1091.6882839869
36,LAWN AND GARDEN,972.1803323143163
36,LINGERIE,925.1849752865661
36,"LIQUOR,WINE,BEER",1047.384208291311
36,MAGAZINES,1018.6517197493916
36,MEATS,1207.3946419625536
36,PERSONAL CARE,1230.4836401570317
36,PET SUPPLIES,1172.8090206542265
36,PLAYERS AND ELECTRONICS,1218.0792816662272
36,POULTRY,689.8914639668965
36,PREPARED FOODS,161.08258683924606
36,PRODUCE,46.22155384722047
36,SCHOOL AND OFFICE SUPPLIES,49.10857718877007
36,SEAFOOD,62.45627270520994
37,AUTOMOTIVE,76.73894525273215
37,BABY CARE,72.3676189860012
37,BEAUTY,70.25778645338598
37,BEVERAGES,287.50176820414924
37,BOOKS,285.9936920743668
37,BREAD/BAKERY,259.5651346697445
37,CELEBRATION,245.50308631012183
37,CLEANING,283.2206499754328
37,DAIRY,277.2681679036498
37,DELI,249.89463946860644
37,EGGS,220.63231366139433
37,FROZEN FOODS,220.80593275595706
37,GROCERY I,244.40676735648827
37,GROCERY II,131.63436578351838
37,HARDWARE,92.78228654864853
37,HOME AND KITCHEN I,114.05746393927916
37,HOME AND KITCHEN II,102.1804419636229
37,HOME APPLIANCES,67.34715759241139
37,HOME CARE,429.9204600617955
37,LADIESWEAR,87.26097554223776
37,LAWN AND GARDEN,29.932404989481707
37,LINGERIE,73.41489130491163
37,"LIQUOR,WINE,BEER",130.18727393239956
37,MAGAZINES,75.4863027871493
37,MEATS,89.73624681933684
37,PERSONAL CARE,89.52837549052433
37,PET SUPPLIES,86.34748218819145
37,PLAYERS AND ELECTRONICS,90.84151019750647
37,POULTRY,236.38369385763272
37,PREPARED FOODS,228.5571706266473
37,PRODUCE,198.55426396478478
37,SCHOOL AND OFFICE SUPPLIES,28.524191087723636
37,SEAFOOD,40.44035912207647
38,AUTOMOTIVE,74.56886652880853
38,BABY CARE,55.181335987817796
38,BEAUTY,25.39351583740508
38,BEVERAGES,174.6435908110884
38,BOOKS,158.2277007183697
38,BREAD/BAKERY,51.396148506529855
38,CELEBRATION,41.10829837017923
38,CLEANING,42.2695521605199
38,DAIRY,45.37238691024529
38,DELI,46.16587685910945
38,EGGS,83.84412780240541
38,FROZEN FOODS,218.53244350018375
38,GROCERY I,241.98161337755056
38,GROCERY II,129.37233324896619
38,HARDWARE,89.25705262244159
38,HOME AND KITCHEN I,109.00948316589565
38,HOME AND KITCHEN II,96.9201128557409
38,HOME APPLIANCES,64.59964258580126
38,HOME CARE,379.77873950352324
38,LADIESWEAR,30.99112354477825
38,LAWN AND GARDEN,28.96026493697521
38,LINGERIE,29.710294613069415
38,"LIQUOR,WINE,BEER",35.01966665257979
38,MAGAZINES,31.019477950228275
38,MEATS,31.688206318112737
38,PERSONAL CARE,31.053904176364725
38,PET SUPPLIES,42.46807152234408
38,PLAYERS AND ELECTRONICS,40.727530730972546
38,POULTRY,36.10154891998086
38,PREPARED FOODS,114.3841430775066
38,PRODUCE,35.29004900913666
38,SCHOOL AND OFFICE SUPPLIES,46.48496090126014
38,SEAFOOD,61.20820176312965
39,AUTOMOTIVE,73.15002268424666
39,BABY CARE,68.88514109480391
39,BEAUTY,66.32764269507159
39,BEVERAGES,237.25707086653978
39,BOOKS,60.55016089752623
39,BREAD/BAKERY,52.93591592882474
39,CELEBRATION,49.81715061752455
39,CLEANING,48.14506332063988
39,DAIRY,45.1633369986229
39,DELI,43.013246758077486
39,EGGS,40.2098489294044
39,FROZEN FOODS,40.8969073516688
39,GROCERY I,45.94765267347212
39,GROCERY II,37.3906197975798
39,HARDWARE,27.316130214488936
39,HOME AND KITCHEN I,113.31872609733972
39,HOME AND KITCHEN II,69.30198221947663
39,HOME APPLIANCES,39.93789340107212
39,HOME CARE,377.5282762096348
39,LADIESWEAR,105.18117271051054
39,LAWN AND GARDEN,100.54245503666401
39,LINGERIE,103.03309686977265
39,"LIQUOR,WINE,BEER",116.02443136772376
39,MAGAZINES,65.19362342641944
39,MEATS,78.93717413825843
39,PERSONAL CARE,78.76704459805359
39,PET SUPPLIES,74.62469822067548
39,PLAYERS AND ELECTRONICS,82.68440918310067
39,POULTRY,215.23809338445415
39,PREPARED FOODS,207.9082839610175
39,PRODUCE,223.15118652446228
39,SCHOOL AND OFFICE SUPPLIES,57.80557366521286
39,SEAFOOD,59.41528258260445
40,AUTOMOTIVE,73.56341461347941
40,BABY CARE,69.77748830690203
40,BEAUTY,67.48827987348943
40,BEVERAGES,278.9742563131957
40,BOOKS,277.4271916812526
40,BREAD/BAKERY,225.1868286135467
40,CELEBRATION,45.396131700523014
40,CLEANING,45.607576607522866
40,DAIRY,43.79119741339915
40,DELI,46.76308122375326
40,EGGS,42.526388851028436
40,FROZEN FOODS,45.81513034722924
40,GROCERY I,40.933973955940516
40,GROCERY II,102.94116333505656
40,HARDWARE,89.64549672493925
40,HOME AND KITCHEN I,111.29126374578654
40,HOME AND KITCHEN II,99.25400664639324
40,HOME APPLIANCES,37.13815536552643
40,HOME CARE,107.30831914806197
40,LADIESWEAR,38.59342911218358
40,LAWN AND GARDEN,38.91967094318638
40,LINGERIE,38.0690283632188
40,"LIQUOR,WINE,BEER",48.43242760000957
40,MAGAZINES,47.09972939735098
40,MEATS,40.761063492278666
40,PERSONAL CARE,43.43782640294929
40,PET SUPPLIES,42.12968384776605
40,PLAYERS AND ELECTRONICS,44.54492835341506
40,POULTRY,56.68073332790443
40,PREPARED FOODS,42.30043669698261
40,PRODUCE,152.5753294199739
40,SCHOOL AND OFFICE SUPPLIES,57.50170858325082
40,SEAFOOD,62.162813840243246
41,AUTOMOTIVE,76.85373137756777
41,BABY CARE,72.68816255552453
41,BEAUTY,70.58154563069388
41,BEVERAGES,289.20828284371606
41,BOOKS,287.6083219150829
41,BREAD/BAKERY,51.119028501196865
41,CELEBRATION,43.293616918425656
41,CLEANING,44.40999092319186
41,DAIRY,44.84416983301971
41,DELI,47.14408757640279
41,EGGS,54.38240596898484
41,FROZEN FOODS,51.017908708339675
41,GROCERY I,53.29376842471286
41,GROCERY II,51.24107762394724
41,HARDWARE,44.150933410913915
41,HOME AND KITCHEN I,54.1325204703861
41,HOME AND KITCHEN II,47.133863593028664
41,HOME APPLIANCES,48.037143882890035
41,HOME CARE,108.14123466240689
41,LADIESWEAR,61.069872581789866
41,LAWN AND GARDEN,48.27163180255569
41,LINGERIE,47.72872465183596
41,"LIQUOR,WINE,BEER",53.41801892864634
41,MAGAZINES,48.72380221151583
41,MEATS,53.20162882454414
41,PERSONAL CARE,66.25865390916555
41,PET SUPPLIES,58.768474377587154
41,PLAYERS AND ELECTRONICS,54.568576257814605
41,POULTRY,54.35774037292024
41,PREPARED FOODS,45.70640518562646
41,PRODUCE,38.85934973836396
41,SCHOOL AND OFFICE SUPPLIES,42.33053169950528
41,SEAFOOD,49.357053035079595
42,AUTOMOTIVE,52.54102132324748
42,BABY CARE,67.55877362916911
42,BEAUTY,85.43276870477077
42,BEVERAGES,413.7181026662119
42,BOOKS,387.2594207152537
42,BREAD/BAKERY,325.85337775254567
42,CELEBRATION,343.22434798764675
42,CLEANING,306.1522339266357
42,DAIRY,371.1952077655399
42,DELI,367.34928607469243
42,EGGS,400.5741762584317
42,FROZEN FOODS,356.77360612170094
42,GROCERY I,420.57895664673043
42,GROCERY II,362.85583056609437
42,HARDWARE,281.441620915501
42,HOME AND KITCHEN I,340.25642187555803
42,HOME AND KITCHEN II,319.17691158832406
42,HOME APPLIANCES,295.30173174456627
42,HOME CARE,364.060531718983
42,LADIESWEAR,325.85046666750384
42,LAWN AND GARDEN,329.33770417775725
42,LINGERIE,320.98695783889144
42,"LIQUOR,WINE,BEER",507.71956171835876
42,MAGAZINES,525.6057056358989
42,MEATS,644.7446960399378
42,PERSONAL CARE,598.4156392105403
42,PET SUPPLIES,564.4243619101284
42,PLAYERS AND ELECTRONICS,532.9007925322172
42,POULTRY,535.1899493176554
42,PREPARED FOODS,498.88239569630457
42,PRODUCE,370.6875956868517
42,SCHOOL AND OFFICE SUPPLIES,287.4432755200836
42,SEAFOOD,403.7374487978292
43,AUTOMOTIVE,438.52881491713214
43,BABY CARE,391.2148857421594
43,BEAUTY,362.2827705891641
43,BEVERAGES,529.413564147193
43,BOOKS,552.7484719638762
43,BREAD/BAKERY,558.9695580258483
43,CELEBRATION,474.3522086731229
43,CLEANING,501.50860132250597
43,DAIRY,504.48796892783974
43,DELI,492.7019199283816
43,EGGS,392.8247973235629
43,FROZEN FOODS,406.0604653725672
43,GROCERY I,476.8427430179081
43,GROCERY II,402.4638474780276
43,HARDWARE,419.9798866168998
43,HOME AND KITCHEN I,445.1075193458185
43,HOME AND KITCHEN II,377.1867374871021
43,HOME APPLIANCES,362.08805552427776
43,HOME CARE,412.75590404165604
43,LADIESWEAR,409.17315680040963
43,LAWN AND GARDEN,374.22967935869616
43,LINGERIE,378.7419050111383
43,"LIQUOR,WINE,BEER",483.9561903004453
43,MAGAZINES,442.3475002895827
43,MEATS,472.93774651964236
43,PERSONAL CARE,476.492344364914
43,PET SUPPLIES,494.9293776722576
43,PLAYERS AND ELECTRONICS,440.35773128559913
43,POULTRY,503.85158454073013
43,PREPARED FOODS,506.04652980032364
43,PRODUCE,385.23558061991065
43,SCHOOL AND OFFICE SUPPLIES,263.9671131989722
43,SEAFOOD,414.02229520992745
44,AUTOMOTIVE,373.8945196914735
44,BABY CARE,399.6074826386786
44,BEAUTY,394.8486169854375
44,BEVERAGES,484.5714535912453
44,BOOKS,548.2953334443835
44,BREAD/BAKERY,477.41177522669665
44,CELEBRATION,453.6846362603791
44,CLEANING,463.7213966707145
44,DAIRY,446.4770387547343
44,DELI,406.5186053081155
44,EGGS,398.2619357671824
44,FROZEN FOODS,401.1200276764847
44,GROCERY I,522.7556628173189
44,GROCERY II,429.8922483111815
44,HARDWARE,371.07931592311115
44,HOME AND KITCHEN I,439.7668402014432
44,HOME AND KITCHEN II,415.5478287097782
44,HOME APPLIANCES,415.52642979816136
44,HOME CARE,505.8014582658462
44,LADIESWEAR,430.1250134917136
44,LAWN AND GARDEN,404.398761473376
44,LINGERIE,103.66991471699215
44,"LIQUOR,WINE,BEER",314.51118615049415
44,MAGAZINES,369.55889575038776
44,MEATS,359.84193247886134
44,PERSONAL CARE,280.25202744891294
44,PET SUPPLIES,322.593318845038
44,PLAYERS AND ELECTRONICS,301.55663821962463
44,POULTRY,323.20475929724506
44,PREPARED FOODS,344.9025810757958
44,PRODUCE,309.39711580114255
44,SCHOOL AND OFFICE SUPPLIES,235.97835407435198
44,SEAFOOD,342.05040495452914
45,AUTOMOTIVE,345.49977184404344
45,BABY CARE,374.68339481469644
45,BEAUTY,354.293133556826
45,BEVERAGES,395.5723786520286
45,BOOKS,508.19122548751545
45,BREAD/BAKERY,456.02003055418095
45,CELEBRATION,283.10690998256865
45,CLEANING,369.5151737663324
45,DAIRY,473.9003263183174
45,DELI,453.7782199107333
45,EGGS,383.88495285243687
45,FROZEN FOODS,308.4573596200718
45,GROCERY I,441.64810316349894
45,GROCERY II,463.71590395960015
45,HARDWARE,343.0087484714887
45,HOME AND KITCHEN I,390.30010755763266
45,HOME AND KITCHEN II,320.41120474564536
45,HOME APPLIANCES,194.22796521630582
45,HOME CARE,225.61140052781894
45,LADIESWEAR,247.50909569920185
45,LAWN AND GARDEN,360.17743111448857
45,LINGERIE,417.3441778976231
45,"LIQUOR,WINE,BEER",501.6530507874416
45,MAGAZINES,444.634285374124
45,MEATS,438.3047406603001
45,PERSONAL CARE,466.46722934315966
45,PET SUPPLIES,464.911885034157
45,PLAYERS AND ELECTRONICS,450.9656797936722
45,POULTRY,488.53663049725753
45,PREPARED FOODS,371.2889916726151
45,PRODUCE,412.27444758704115
45,SCHOOL AND OFFICE SUPPLIES,306.4217855976858
45,SEAFOOD,449.218290664233
46,AUTOMOTIVE,478.1079867393659
46,BABY CARE,374.6837707631899
46,BEAUTY,409.7180387030075
46,BEVERAGES,640.1880712618206
46,BOOKS,646.1239517554388
46,BREAD/BAKERY,443.77445645906596
46,CELEBRATION,383.87484948977664
46,CLEANING,321.8450910755717
46,DAIRY,350.6953929139402
46,DELI,456.54933782450235
46,EGGS,529.5020182210812
46,FROZEN FOODS,524.0499125195174
46,GROCERY I,634.5195119014585
46,GROCERY II,457.89086367746256
46,HARDWARE,440.3690830042229
46,HOME AND KITCHEN I,498.72428347653096
46,HOME AND KITCHEN II,437.4462816388807
46,HOME APPLIANCES,409.04640855118134
46,HOME CARE,510.38450179295654
46,LADIESWEAR,440.1297037696772
46,LAWN AND GARDEN,473.8858508182586
46,LINGERIE,491.33488566399797
46,"LIQUOR,WINE,BEER",505.7041966858649
46,MAGAZINES,419.8205224059993
46,MEATS,342.71304154725436
46,PERSONAL CARE,497.1487317940019
46,PET SUPPLIES,451.22032127363246
46,PLAYERS AND ELECTRONICS,372.07158394190907
46,POULTRY,437.79810001459265
46,PREPARED FOODS,440.59932748874337
46,PRODUCE,339.13166168440824
46,SCHOOL AND OFFICE SUPPLIES,253.65516212439184
46,SEAFOOD,394.54353898995487
47,AUTOMOTIVE,468.9562146827388
47,BABY CARE,450.27671493439465
47,BEAUTY,463.41113439061826
47,BEVERAGES,686.6141392827016
47,BOOKS,665.1531916649619
47,BREAD/BAKERY,599.2963290339833
47,CELEBRATION,575.9928865969162
47,CLEANING,409.4010313308099
47,DAIRY,178.7038230611851
47,DELI,50.1969828932811
47,EGGS,134.97496092236977
47,FROZEN FOODS,189.09676454755564
47,GROCERY I,211.61337638144576
47,GROCERY II,119.57072802761876
47,HARDWARE,83.21359811819649
47,HOME AND KITCHEN I,100.00151893145208
47,HOME AND KITCHEN II,87.04152155401529
47,HOME APPLIANCES,60.07917004765688
47,HOME CARE,349.53717727946355
47,LADIESWEAR,99.29322991527427
47,LAWN AND GARDEN,94.4448823148765
47,LINGERIE,93.61768078921264
47,"LIQUOR,WINE,BEER",112.89708603099436
47,MAGAZINES,61.19375525974332
47,MEATS,74.24225386682971
47,PERSONAL CARE,73.56337802642366
47,PET SUPPLIES,72.14148068216103
47,PLAYERS AND ELECTRONICS,80.57741914313237
47,POULTRY,201.5976245269823
47,PREPARED FOODS,194.42485106771707
47,PRODUCE,205.6889259132373
47,SCHOOL AND OFFICE SUPPLIES,284.61275018314234
47,SEAFOOD,916.388094940158
48,AUTOMOTIVE,947.4851200188058
48,BABY CARE,377.3100120647099
48,BEAUTY,1204.4872672537988
48,BEVERAGES,2582.193445466168
48,BOOKS,756.7968531996831
48,BREAD/BAKERY,420.01778037224716
48,CELEBRATION,212.26119613875477
48,CLEANING,241.9955544270187
48,DAIRY,236.7709703146463
48,DELI,431.3585193252736
48,EGGS,1999.7733858083325
48,FROZEN FOODS,1334.6473584786606
48,GROCERY I,482.321250300904
48,GROCERY II,529.3746645088255
48,HARDWARE,1319.175564258909
48,HOME AND KITCHEN I,1760.871731584443
48,HOME AND KITCHEN II,1610.8819503252698
48,HOME APPLIANCES,1552.7678174004916
48,HOME CARE,1758.7577310862998
48,LADIESWEAR,1650.2836961547002
48,LAWN AND GARDEN,1626.884768986552
48,LINGERIE,683.6128103866228
48,"LIQUOR,WINE,BEER",417.16611531758355
48,MAGAZINES,62.18655529235309
48,MEATS,75.40099591550288
48,PERSONAL CARE,74.71006250531052
48,PET SUPPLIES,73.27017476603247
48,PLAYERS AND ELECTRONICS,81.81425858818922
48,POULTRY,204.40509266399553
48,PREPARED FOODS,197.04630314372764
48,PRODUCE,419.17888579201383
48,SCHOOL AND OFFICE SUPPLIES,724.3592083917551
48,SEAFOOD,1023.8259535903054
49,AUTOMOTIVE,1913.4880814807052
49,BABY CARE,1924.7361838541656
49,BEAUTY,1876.4344833444095
49,BEVERAGES,2795.2284235501756
49,BOOKS,2785.934924147492
49,BREAD/BAKERY,2551.0138358590357
49,CELEBRATION,2539.4343248177397
49,CLEANING,2580.41853873981
49,DAIRY,2516.184081208778
49,DELI,2390.100062963172
49,EGGS,2358.2587239560758
49,FROZEN FOODS,1806.8192149950125
49,GROCERY I,2374.142909680396
49,GROCERY II,1864.815786506277
49,HARDWARE,1593.6438707488853
49,HOME AND KITCHEN I,1858.1422840917444
49,HOME AND KITCHEN II,1758.115762676874
49,HOME APPLIANCES,1676.0209762894915
49,HOME CARE,1858.2343013992838
49,LADIESWEAR,1724.554546924575
49,LAWN AND GARDEN,1713.0666040010647
49,LINGERIE,1702.199377891274
49,"LIQUOR,WINE,BEER",1977.1972972306296
49,MAGAZINES,1919.7168722649158
49,MEATS,2213.5813830516927
49,PERSONAL CARE,2193.06027315704
49,PET SUPPLIES,2220.343253985757
49,PLAYERS AND ELECTRONICS,194.9803184341971
49,POULTRY,118.34547588175626
49,PREPARED FOODS,73.90323659628423
49,PRODUCE,208.98611909177657
49,SCHOOL AND OFFICE SUPPLIES,56.156207360675324
49,SEAFOOD,60.333385121282035
50,AUTOMOTIVE,68.89528384258735
50,BABY CARE,66.09867072559456
50,BEAUTY,64.11863135149771
50,BEVERAGES,248.77698293090054
50,BOOKS,247.41300565468205
50,BREAD/BAKERY,222.7907343814799
50,CELEBRATION,210.16991012053705
50,CLEANING,238.62463142802775
50,DAIRY,233.51443114238526
50,DELI,211.2603321475119
50,EGGS,190.46145683599644
50,FROZEN FOODS,190.88173032101525
50,GROCERY I,212.6867264311596
50,GROCERY II,123.71968275980493
50,HARDWARE,84.23887213083724
50,HOME AND KITCHEN I,101.19072005174236
50,HOME AND KITCHEN II,88.76218949802158
50,HOME APPLIANCES,61.70403832778213
50,HOME CARE,351.3059309365364
50,LADIESWEAR,101.71056546638934
50,LAWN AND GARDEN,96.41146402156684
50,LINGERIE,95.25499707815533
50,"LIQUOR,WINE,BEER",115.04199240772206
50,MAGAZINES,63.36852314846956
50,MEATS,76.6170045440831
50,PERSONAL CARE,75.89692578911439
50,PET SUPPLIES,74.3200144933151
50,PLAYERS AND ELECTRONICS,79.79078296390249
50,POULTRY,204.93831313763488
50,PREPARED FOODS,68.05766385556272
50,PRODUCE,34.80822882416358
50,SCHOOL AND OFFICE SUPPLIES,28.20232449989502
50,SEAFOOD,37.442125457102726
51,AUTOMOTIVE,73.47557944291523
51,BABY CARE,70.49812464309245
51,BEAUTY,68.19718173616242
51,BEVERAGES,265.92084071775975
51,BOOKS,264.52335616930804
51,BREAD/BAKERY,238.27995491865192
51,CELEBRATION,224.35948774902022
51,CLEANING,255.49182660451288
51,DAIRY,250.3073783752725
51,DELI,224.53548900397206
51,EGGS,202.50601960272894
51,FROZEN FOODS,202.87555907225257
51,GROCERY I,227.516289797343
51,GROCERY II,130.18748917331163
51,HARDWARE,90.57268780901616
51,HOME AND KITCHEN I,108.41661857332426
51,HOME AND KITCHEN II,95.28635745958101
51,HOME APPLIANCES,67.06086882214497
51,HOME CARE,375.95475747040825
51,LADIESWEAR,109.76734936062256
51,LAWN AND GARDEN,104.77059611857617
51,LINGERIE,104.28094837355886
51,"LIQUOR,WINE,BEER",126.42759811807875
51,MAGAZINES,71.10549723618414
51,MEATS,85.69859782312247
51,PERSONAL CARE,84.99368875098625
51,PET SUPPLIES,83.49709780317953
51,PLAYERS AND ELECTRONICS,87.23108696984215
51,POULTRY,107.7674052613358
51,PREPARED FOODS,37.16977670888321
51,PRODUCE,37.388447397105544
51,SCHOOL AND OFFICE SUPPLIES,32.35479038464119
51,SEAFOOD,34.167547907257486
52,AUTOMOTIVE,30.148559789096844
52,BABY CARE,28.278484634537122
52,BEAUTY,27.62519558996466
52,BEVERAGES,60.7688583359797
52,BOOKS,79.4906646683447
52,BREAD/BAKERY,104.55863809167255
52,CELEBRATION,77.58390202806127
52,CLEANING,57.44666947907842
52,DAIRY,40.310257140980745
52,DELI,38.23965419863764
52,EGGS,37.963027551871406
52,FROZEN FOODS,40.76217228868608
52,GROCERY I,87.29885566202314
52,GROCERY II,122.42882697111318
52,HARDWARE,78.679841279248
52,HOME AND KITCHEN I,56.724737558484534
52,HOME AND KITCHEN II,40.970169056439666
52,HOME APPLIANCES,29.884628752380383
52,HOME CARE,89.28000391897056
52,LADIESWEAR,40.74655040650393
52,LAWN AND GARDEN,43.26827878306676
52,LINGERIE,44.6569384571083
52,"LIQUOR,WINE,BEER",53.776781670454156
52,MAGAZINES,44.6358818478088
52,MEATS,44.874541502096115
52,PERSONAL CARE,41.88260445601204
52,PET SUPPLIES,42.596126599292084
52,PLAYERS AND ELECTRONICS,33.700420801286484
52,POULTRY,99.97377893859841
52,PREPARED FOODS,207.79931131830017
52,PRODUCE,212.69572729521835
52,SCHOOL AND OFFICE SUPPLIES,57.35236092907537
52,SEAFOOD,42.858306708423434
53,AUTOMOTIVE,31.52790517599523
53,BABY CARE,30.22824395021694
53,BEAUTY,28.76453351481674
53,BEVERAGES,52.17636015860797
53,BOOKS,52.39682218030342
53,BREAD/BAKERY,43.611025366343576
53,CELEBRATION,64.9454476849505
53,CLEANING,61.63776604271191
53,DAIRY,58.72312111315477
53,DELI,45.49758284388816
53,EGGS,44.13360235009368
53,FROZEN FOODS,44.21423042733577
53,GROCERY I,42.86234655834805
53,GROCERY II,38.005600660062804
53,HARDWARE,29.736200961994715
53,HOME AND KITCHEN I,34.638725777615825
53,HOME AND KITCHEN II,44.72332047058965
53,HOME APPLIANCES,31.40931224013177
53,HOME CARE,100.88680585021571
53,LADIESWEAR,47.30232556700405
53,LAWN AND GARDEN,38.426363303966134
53,LINGERIE,42.48360273939552
53,"LIQUOR,WINE,BEER",47.01370548938643
53,MAGAZINES,33.74687506624702
53,MEATS,36.18128933800969
53,PERSONAL CARE,33.677274190574664
53,PET SUPPLIES,37.94242039509042
53,PLAYERS AND ELECTRONICS,35.86620993080122
53,POULTRY,39.906461371421
53,PREPARED FOODS,39.12106814084307
53,PRODUCE,35.89079194858216
53,SCHOOL AND OFFICE SUPPLIES,31.071209111843014
53,SEAFOOD,43.16168783767634
54,AUTOMOTIVE,48.48211113340194
54,BABY CARE,47.1684093989777
54,BEAUTY,35.635965298101596
54,BEVERAGES,54.95865860805555
54,BOOKS,49.95749289048894
54,BREAD/BAKERY,45.85307381561818
54,CELEBRATION,38.09564848401691
54,CLEANING,45.83309722566995
54,DAIRY,47.34651425358634
54,DELI,45.638006549767674
54,EGGS,41.05758969042428
54,FROZEN FOODS,49.903285023554474
54,GROCERY I,50.581709010072
54,GROCERY II,38.7521944824626
54,HARDWARE,28.693422640525117
54,HOME AND KITCHEN I,39.81543851135858
54,HOME AND KITCHEN II,37.56752119094815
54,HOME APPLIANCES,31.51899189634056
54,HOME CARE,88.13038198339447
54,LADIESWEAR,39.0328670763891
54,LAWN AND GARDEN,33.41019960660418
54,LINGERIE,33.89866381490254
54,"LIQUOR,WINE,BEER",44.470631986813004
54,MAGAZINES,45.96315105522239
54,MEATS,50.42716692179204
54,PERSONAL CARE,46.75037733590571
54,PET SUPPLIES,39.83893056058645
54,PLAYERS AND ELECTRONICS,35.984794411726114
54,POULTRY,35.30421693157447
54,PREPARED FOODS,33.05828345457766
54,PRODUCE,35.5382945030443
54,SCHOOL AND OFFICE SUPPLIES,33.789681544872955
54,SEAFOOD,35.333177213932515
